tmdbID,imdbID,Title,Year
19544,undefined,Afro Samurai,2007
44606,undefined,Beauty and the Beast,2012
57273,undefined,The Red Road,2014
958,undefined,Beast Wars: Transformers,1996
15030,undefined,Secrets of the Dead,2000
70027,undefined,The Greeks: Crucible of Civilization,2000
243,undefined,Penn & Teller: Bull!,2003
2879,undefined,History's Mysteries,1998
16115,undefined,Is It Real?,2006
62264,undefined,Ash vs Evil Dead,2015
4613,undefined,Band of Brothers,2001
60059,undefined,Better Call Saul,2015
95,undefined,Buffy the Vampire Slayer,1997
63647,undefined,Childhood's End,2015
118546,undefined,Clone High,2023
77169,undefined,Cobra Kai,2018
11240,undefined,Delta State,2004
4956,undefined,Dilbert,1999
1434,undefined,Family Guy,1999
4455,undefined,Get Smart,1965
4615,undefined,Hercules: The Legendary Journeys,1995
19614,undefined,It,1990
62413,undefined,Killjoys,2015
4607,undefined,Lost,2004
11235,undefined,Medabots,2001
578,undefined,Numb3rs,2005
27912,undefined,Off to War - From Rural Arkansas to Iraq,2004
11183,undefined,Poltergeist: The Legacy,1996
33841,undefined,R. L. Stine's The Haunting Hour,2010
54288,undefined,Science of the Bible,
1649,undefined,Sliders,1995
4604,undefined,Smallville,2001
1622,undefined,Supernatural,2005
32871,undefined,Supernatural: The Anime Series,2011
15632,undefined,The Cleveland Show,2009
100088,undefined,The Last of Us,2023
2316,undefined,The Office,2005
815,undefined,Peep Show,2003
101251,undefined,The Road to Red Restaurant List,2020
1398,undefined,The Sopranos,1999
47640,undefined,The Strain,2014
16399,undefined,The Twilight Zone,2002
1402,undefined,The Walking Dead,2010
1438,undefined,The Wire,2002
31098,undefined,Beast Wars II: Super Lifeform Transformers,1998
46648,undefined,True Detective,2014
63247,undefined,Westworld,2016
76098,tt1999811,'Weird Al' Yankovic - Live! The Alpocalypse Tour,2011
19913,tt1022603,(500) Days of Summer,2009
9282,tt0331811,11:14,2003
3021,tt0450385,1408,2007
16996,tt0974661,17 Again,2009
64688,tt1232829,21 Jump Street,2012
187017,tt2294449,22 Jump Street,2014
170,tt0289043,28 Days Later,2002
4513,tt0389722,30 Days of Night,2007
42941,tt1320304,30 Days of Night: Dark Days,2010
1271,tt0416449,300,2007
12138,tt0233142,3000 Miles to Graceland,2001
53182,tt1253863,300: Rise of an Empire,2014
5176,tt0381849,3:10 to Yuma,2007
64686,tt1335975,47 Ronin,2013
8224,tt0134273,8MM,1999
174316,tt1817081,A Case of You,2013
17979,tt1067106,A Christmas Carol,2009
9726,tt0401445,A Good Year,2006
31696,tt0102220,A Kiss Before Dying,1991
377,tt0087800,A Nightmare on Elm Street,1984
10072,tt0093629,A Nightmare on Elm Street 3: Dream Warriors,1987
10131,tt0095742,A Nightmare on Elm Street 4: The Dream Master,1988
10160,tt0097981,A Nightmare on Elm Street: The Dream Child,1989
10014,tt0089686,A Nightmare on Elm Street Part 2: Freddy's Revenge,1985
12403,tt0971209,A Perfect Getaway,2009
3509,tt0405296,A Scanner Darkly,2006
10223,tt0120324,A Simple Plan,1998
10229,tt0281358,A Walk to Remember,2002
1111873,tt27489557,Abigail,2024
122906,tt2194499,About Time,2013
421473,tt5688068,Above Suspicion,2019
72331,tt1611224,Abraham Lincoln: Vampire Hunter,2012
4688,tt0445922,Across the Universe,2007
419704,tt2935510,Ad Astra,2019
2757,tt0268126,Adaptation.,2002
2058,tt0118556,Addicted to Love,1997
16614,tt1091722,Adventureland,2009
964980,tt16419074,Air,2023
813,tt0080339,Airplane!,1980
94348,tt1712170,Alex Cross,2012
12155,tt1014759,Alice in Wonderland,2010
348,tt0078748,Alien,1979
82374,tt0238829,Alien Adventure,1999
8078,tt0118583,Alien Resurrection,1997
8077,tt0103644,Alien³,1992
679,tt0090605,Aliens,1986
440,tt0758730,Aliens vs Predator: Requiem,2007
399579,tt0437086,Alita: Battle Angel,2019
152747,tt2017038,All Is Lost,2013
786,tt0181875,Almost Famous,2000
222936,tt1243974,Aloha,2015
12142,tt0369226,Alone in the Dark,2005
6477,tt0952640,Alvin and the Chipmunks,2007
23398,tt1231580,Alvin and the Chipmunks: The Squeakquel,2009
73,tt0120586,American History X,1998
14242,tt0181288,American Movie,1999
2105,tt0163651,American Pie,1999
2770,tt0252866,American Pie 2,2001
71552,tt1605630,American Reunion,2012
451751,tt5451690,American Satan,2017
8273,tt0328828,American Wedding,2003
814,tt0082010,An American Werewolf in London,1981
9406,tt0118604,An American Werewolf in Paris,1997
14863,tt1137996,Anaconda 3: Offspring,2008
11237,tt0366174,Anacondas: The Hunt for the Blood Orchid,2004
19543,tt1150934,Anacondas: Trail of Blood,2009
37219,tt1154152,Andrea Bocelli - Vivere Live in Tuscany,2007
362111,tt0184215,Angels and Demons,1969
44629,tt1313092,Animal Kingdom,2010
13275,tt0417433,Annapolis,2006
300668,tt2798920,Annihilation,2018
102899,tt0478970,Ant-Man,2015
640146,tt10954600,Ant-Man and the Wasp: Quantumania,2023
9989,tt0218817,Antitrust,2001
9563,tt0146838,Any Given Sunday,1999
658397,tt6032704,Apparition,2019
9445,tt0118636,Apt Pupil,1998
297802,tt1477834,Aquaman,2018
224681,tt0378846,Are You Afraid of the Dark?,1996
1073,tt0137363,Arlington Road,1999
1139952,null,Arrow,2012
51052,tt1430607,Arthur Christmas,2011
256274,tt2870612,As Above, So Below,2014
121856,tt2094766,Assassin's Creed,2016
19995,tt0499549,Avatar,2009
99861,tt2395427,Avengers: Age of Ultron,2015
16161,tt0255819,Baby Boy,2001
9381,tt0364970,Babylon A.D.,2008
2924,tt0101393,Backdraft,1991
272,tt0372784,Batman Begins,2005
414,tt0112462,Batman Forever,1995
209112,tt2975590,Batman v Superman: Dawn of Justice,2016
3176,tt0266308,Battle Royale,2000
44943,tt1217613,Battle: Los Angeles,2011
760741,tt13223398,Beast,2022
321612,tt2771200,Beauty and the Beast,2017
397837,tt1691916,Before I Fall,2017
647302,tt3917506,Benny Loves You,2019
2310,tt0442933,Beowulf,2007
24046,tt0101435,Bernard and the Genie,1991
14290,tt0280477,Better Luck Tomorrow,2002
587,tt0319061,Big Fish,2003
1123885,tt20122398,Billy,2023
495764,tt7713068,Birds of Prey (and the Fantabulous Emancipation of One Harley Quinn),2020
436270,tt6443346,Black Adam,2022
855,tt0265086,Black Hawk Down,2001
543,tt0019702,Blackmail,1929
36647,tt0120611,Blade,1998
36586,tt0187738,Blade II,2002
335984,tt1856101,Blade Runner 2049,2017
472226,tt7208564,Blood Fest,2018
338762,tt1634106,Bloodshot,2020
178,tt0109303,Blown Away,1994
565770,tt9362930,Blue Beetle,2023
8968,tt0357507,Boogeyman,2005
365177,tt4978420,Borderlands,2024
13996,tt0914797,Bottle Shock,2008
9382,tt0112571,Boys on the Side,1995
14237,tt0109327,Brainscan,1994
197,tt0112573,Braveheart,1995
9270,tt0393109,Brick,2006
254473,tt1430612,Brick Mansions,2014
29963,tt0810784,Bright Star,2009
531309,tt7752126,Brightburn,2019
1588,tt0204946,Bring It On,2000
98357,tt1235522,Broken City,2013
18480,tt0889583,Brüno,2009
10206,tt0103893,Buffy the Vampire Slayer,1992
424783,tt4701182,Bumblebee,2018
4944,tt0887883,Burn After Reading,2008
26391,tt0109361,Cabin Boy,1994
11977,tt0080487,Caddyshack,1980
111459,tt0038392,California,1947
271110,tt3498820,Captain America: Civil War,2016
1771,tt0458339,Captain America: The First Avenger,2011
100402,tt1843866,Captain America: The Winter Soldier,2014
299537,tt4154664,Captain Marvel,2019
9681,tt0402894,Casanova,2005
12225,tt0460740,Cashback,2007
36557,tt0381061,Casino Royale,2006
4787,tt0795493,Cassandra's Dream,2007
8358,tt0162222,Cast Away,2000
1537,tt0264472,Changing Lanes,2002
8319,tt0488988,Chapter 27,2007
212778,tt2883512,Chef,2014
93856,tt1991245,Chernobyl Diaries,2012
417644,tt0493405,CHiPS,2017
407518,tt4082524,Chosen,2016
420814,tt4575576,Christopher Robin,2018
15549,tt0312571,Cirque du Soleil: Alegria,2001
1406,tt0101587,City Slickers,1991
11310,tt0109439,City Slickers II: The Legend of Curly's Gold,1994
13600,tt0970411,City of Ember,2008
428501,tt6333056,City of Ghosts,2017
18823,tt0800320,Clash of the Titans,2010
2292,tt0109445,Clerks,1994
2295,tt0424345,Clerks II,2006
83542,tt1371111,Cloud Atlas,2012
39213,tt1334521,Coach,2010
7214,tt0393162,Coach Carter,2005
7520,tt0094889,Cocktail,1988
354912,tt2380307,Coco,2017
220289,tt2866360,Coherence,2013
1538,tt0369339,Collateral,2004
276908,tt2965412,Comet,2014
37430,tt0816462,Conan the Barbarian,2011
561,tt0360486,Constantine,2005
39538,tt1598778,Contagion,2011
14836,tt0327597,Coraline,2009
101173,tt1372686,Coriolanus,2011
3933,tt0121164,Corpse Bride,2005
669735,tt6395680,Covenant,2018
49849,tt0409847,Cowboys & Aliens,2011
6282,tt0200550,Coyote Ugly,2000
511987,tt8364368,Crawl,2019
25196,tt1263670,Crazy Heart,2009
312221,tt3076658,Creed,2015
480530,tt6343314,Creed II,2018
201085,tt2554274,Crimson Peak,2015
146,tt0190332,Crouching Tiger, Hidden Dragon,2000
12706,tt0159382,Croupier,1998
62720,tt0039288,Cry Wolf,1947
431,tt0123755,Cube,1997
437,tt0285492,Cube 2: Hypercube,2002
438,tt0377713,Cube Zero,2004
10012,tt0257516,Cursed,2005
347754,tt3212904,Curve,2015
27306,tt0270841,Cyber Wars,2004
1313571,null,Dance with Julianne Just Dance,
18887,tt0052722,Darby O'Gill and the Little People,1959
9480,tt0287978,Daredevil,2003
2666,tt0118929,Dark City,1998
9556,tt0099365,Darkman,1990
19002,tt0116033,Darkman III: Die Darkman Die,1996
10727,tt0282209,Darkness Falls,2003
924,tt0363547,Dawn of the Dead,2004
11443,tt0112819,Dead Presidents,1995
14001,tt0455760,Dead Silence,2007
55215,tt1711366,Dead Space: Aftermath,2011
13190,tt1267379,Dead Space: Downfall,2008
618433,tt6716912,Dead Water,2020
383498,tt5463162,Deadpool 2,2018
11835,tt0804461,Death Sentence,2007
395990,tt1137450,Death Wish,2018
299939,tt2769184,Debug,2014
18442,tt0357585,Decoys,2004
18443,tt0400347,Decoys 2: Alien Seduction,2007
8656,tt0120647,Deep Impact,1998
7551,tt0453467,Déjà Vu,2006
184346,tt2377322,Deliver Us from Evil,2014
9739,tt0106697,Demolition Man,1993
774021,tt13392012,Demonic,2021
449443,tt1259528,Den of Thieves,2018
108993,tt0990363,Detention,2010
44040,tt1314655,Devil,2010
13025,tt0848557,Diary of the Dead,2007
36669,tt0246460,Die Another Day,2002
562,tt0095016,Die Hard,1988
1573,tt0099423,Die Hard 2,1990
10567,tt0130623,Dinosaur,2000
501170,tt5606664,Doctor Sleep,2019
284052,tt1211837,Doctor Strange,2016
916060,tt0305482,Dodgeball,2001
1832,tt0120655,Dogma,1999
62837,tt1564349,Dolphin Tale,2011
10607,tt0116126,Don't Be a Menace to South Central While Drinking Your Juice in the Hood,1996
46261,tt1270761,Don't Be Afraid of the Dark,2010
294308,tt1572306,Don't Blink,2014
619730,tt10731256,Don't Worry Darling,2022
141,tt0246578,Donnie Darko,2001
8814,tt0419706,Doom,2005
520901,tt8328716,Doom: Annihilation,2019
936964,null,Double,2022
49017,tt0829150,Dracula Untold,2014
16871,tt1127180,Drag Me to Hell,2009
10423,tt0106770,Dragon: The Bruce Lee Story,1993
17031,tt0825245,Dragonlance: Dragons of Autumn Twilight,2008
14164,tt1098327,Dragonball Evolution,2009
848,tt0082288,Dragonslayer,1981
49049,tt1343727,Dredd,2012
257366,tt0079088,Dummy,1979
438631,tt1160419,Dune,2021
43935,tt1013860,Dylan Dog: Dead of Night,2011
137113,tt1631867,Edge of Tomorrow,2014
8869,tt0271367,Eight Legged Freaks,2002
68724,tt1535108,Elysium,2013
13531,tt0112950,Empire Records,1995
103488,tt0159423,Encounter in the Third Dimension,1999
77016,tt1855199,End of Watch,2012
176077,tt2229377,Enter the Dangerous Mind,2013
116711,tt0848537,Epic,2013
32685,tt0101821,Ernest Scared Stupid,1991
10061,tt0116225,Escape from L.A.,1996
522681,tt5886046,Escape Room,2019
9352,tt0356150,EuroTrip,2004
109428,tt1288558,Evil Dead,2013
29917,tt1258197,Exam,2009
147441,tt1528100,Exodus: Gods and Kings,2014
46340,tt0988088,Fabric of Time,2007
754,tt0119094,Face/Off,1997
65215,tt0385690,Family Guy Presents: Stewie Griffin: The Untold Story,2005
259316,tt3183660,Fantastic Beasts and Where to Find Them,2016
147703,tt2571354,Amazing Ocean 3D,2013
539537,tt0983946,Fantasy Island,2020
41283,tt1433108,Faster,2010
10443,tt0106881,Fearless,1993
55839,tt1354687,Feed the Fish,2011
550,tt0137523,Fight Club,1999
17336,tt1082601,Fighting,2009
9532,tt0195714,Final Destination,2000
9286,tt0414982,Final Destination 3,2006
647,tt0385700,Final Fantasy VII: Advent Children,2005
2114,tt0173840,Final Fantasy: The Spirits Within,2001
5521,tt0192023,Finder's Fee,2001
127380,tt2277860,Finding Dory,2016
12,tt0266543,Finding Nemo,2003
400710,tt2039338,Flatliners,2017
14527,tt0356614,Foolproof,2003
1788,tt0087277,Footloose,1984
417261,tt4103724,Forever My Girl,2018
13,tt0109830,Forrest Gump,1994
263855,tt2093995,Fort Bliss,2014
8884,tt0893402,Franklyn,2008
136,tt0022913,Freaks,1932
6466,tt0329101,Freddy vs. Jason,2003
11284,tt0101917,Freddy's Dead: The Final Nightmare,1991
10634,tt0113118,Friday,1995
13207,tt0758746,Friday the 13th,2009
9725,tt0082418,Friday the 13th Part 2,1981
498334,tt3756302,Friday the 13th Part 3: The Memoriam Documentary,2018
9731,tt0089173,Friday the 13th: A New Beginning,1985
10225,tt0091080,Friday the 13th Part VI: Jason Lives,1986
10281,tt0095179,Friday the 13th Part VII: The New Blood,1988
10283,tt0097388,Friday the 13th Part VIII: Jason Takes Manhattan,1989
9730,tt0087298,Friday the 13th: The Final Chapter,1984
11797,tt0089175,Fright Night,1985
109445,tt2294629,Frozen,2013
7552,tt0369441,Fun with Dick and Jane,2005
72559,tt1583421,G.I. Joe: Retaliation,2013
14869,tt1046173,G.I. Joe: The Rise of Cobra,2009
34112,tt0414036,Gamebox 1.0,2004
3131,tt0217505,Gangs of New York,2002
401,tt0333766,Garden State,2004
782,tt0119177,Gattaca,1997
1956,tt0302674,Gerry,2002
10060,tt0430308,Get Rich or Die Tryin',2005
146227,tt2167202,Getaway,2013
71676,tt1071875,Ghost Rider: Spirit of Vengeance,2011
9645,tt0288477,Ghost Ship,2002
60898,tt0100014,Erotic Ghost Story,1990
404073,tt5115546,Ghost Team,2016
12797,tt0995039,Ghost Town,2008
43074,tt1289401,Ghostbusters,2016
9871,tt0210070,Ginger Snaps,2000
10361,tt0353489,Ginger Snaps 2: Unleashed,2004
12583,tt0365265,Ginger Snaps Back: The Beginning,2004
98,tt0172495,Gladiator,2000
450465,tt6823368,Glass,2019
67675,tt1922612,Glee: The Concert Movie,2011
9430,tt0139239,Go,1999
205584,tt2404233,Gods of Egypt,2016
124905,tt0831387,Godzilla,2014
399566,tt5034838,Godzilla vs. Kong,2021
373571,tt3741700,Godzilla: King of the Monsters,2019
710,tt0113189,GoldenEye,1995
16246,tt0071571,Gone in 60 Seconds,1974
429200,tt4846232,Good Time,2017
769,tt0099685,GoodFellas,1990
257445,tt1051904,Goosebumps,2015
980489,tt4495098,Gran Turismo,2023
19158,tt0099697,Graveyard Shift,1990
348089,tt4366830,Grease Live,2016
44912,tt1133985,Green Lantern,2011
313922,tt4062536,Green Room,2016
8923,tt0385002,Green Street Hooligans,2005
22972,tt0947810,Green Zone,2010
10428,tt0113243,Hackers,1995
10688,tt0171359,Hamlet,2000
323368,tt3011960,Hangman,2017
45862,tt0342508,Hangman's Curse,2003
1248,tt0367959,Hannibal Rising,2007
82309,tt0249567,Hansel and Gretel,1983
2652,tt0424136,Hard Candy,2005
8052,tt0119256,Hard Eight,1997
672,tt0295297,Harry Potter and the Chamber of Secrets,2002
674,tt0330373,Harry Potter and the Goblet of Fire,2005
767,tt0417741,Harry Potter and the Half-Blood Prince,2009
675,tt0373889,Harry Potter and the Order of the Phoenix,2007
671,tt0241527,Harry Potter and the Philosopher's Stone,2001
7873,tt0433387,Harsh Times,2005
10592,tt0251114,Hart's War,2002
9469,tt0124718,He Got Game,1998
38150,tt1220214,Heartless,2010
949,tt0113277,Heat,1995
429476,tt1999890,Hell Fest,2018
44835,tt1403177,Hesher,2010
360784,tt2131532,Hidden,2015
8488,tt0386588,Hitch,2005
8326,tt0311289,Holes,2003
12257,tt0119304,Home Fries,1998
4638,tt0425112,Hot Fuzz,2007
11059,tt0317676,House of the Dead,2003
10066,tt0397065,House of Wax,2005
10191,tt0892769,How to Train Your Dragon,2010
82702,tt1646971,How to Train Your Dragon 2,2014
341689,tt3859310,How to Talk to Girls at Parties,2017
1927,tt0286716,Hulk,2003
1039674,null,Hungry Ghosts,2007
46713,tt1563719,Hunt to Kill,2010
10476,tt0410097,Hustle & Flow,2005
6479,tt0480249,I Am Legend,2007
46529,tt1464540,I Am Number Four,2011
30128,tt1220628,I Hope They Serve Beer in Hell,2009
3597,tt0119345,I Know What You Did Last Summer,1997
244267,tt2884206,I Origins,2014
3600,tt0130018,I Still Know What You Did Last Summer,1998
100241,tt1418377,I, Frankenstein,2014
2048,tt0343818,I, Robot,2004
57612,tt0996382,IMAX Dolphins and Whales: Tribes of the Ocean,2008
37958,tt1253864,Immortals,2011
21794,tt0460435,In a Dark Place,2006
8321,tt0780536,In Bruges,2008
73686,tt1417075,In Darkness,2011
369256,,In Flames: Used & Abused. In Live We Trust,2005
205775,tt1390411,In the Heart of the Sea,2015
2654,tt0113409,In the Mouth of Madness,1995
49530,tt1637688,In Time,2011
27205,tt1375666,Inception,2010
602,tt0116629,Independence Day,1996
217,tt0367882,Indiana Jones and the Kingdom of the Crystal Skull,2008
89,tt0097576,Indiana Jones and the Last Crusade,1989
85,tt0082971,Raiders of the Lost Ark,1981
87,tt0087469,Indiana Jones and the Temple of Doom,1984
24869,tt1071804,Ink,2009
2309,tt0494238,Inkheart,2008
280092,tt3195644,Insidious: Chapter 3,2015
406563,tt5726086,Insidious: The Last Key,2018
320,tt0278504,Insomnia,2002
628,tt0110148,Interview with the Vampire,1994
224141,tt2180411,Into the Woods,2014
24767,tt0110157,Iron Will,1994
564147,tt7838252,K.G.F: Chapter 1,2018
474350,tt7349950,It Chapter Two,2019
22897,tt1230414,It's Complicated,2009
81005,tt1351685,Jack the Giant Slayer,2013
14158,tt1117523,Jackass 2.5,2007
12094,tt0493430,Jackass Number Two,2006
208134,tt3063516,Jackass Presents: Bad Grandpa,2013
265065,tt1600413,Jackass: The Lost Tapes,2009
9012,tt0322802,Jackass: The Movie,2002
184,tt0119396,Jackie Brown,1997
25,tt0418763,Jarhead,2005
10285,tt0107254,Jason Goes to Hell: The Final Friday,1993
11470,tt0211443,Jason X,2001
416179,null,Jean Butler's Irish Dance Masterclass,2005
55194,tt1662514,Jedi Junkies,2010
8922,tt0263488,Jeepers Creepers,2001
11351,tt0301470,Jeepers Creepers 2,2003
298250,tt3348730,Jigsaw,2017
75761,tt1783732,John Dies at the End,2013
245891,tt2911666,John Wick,2014
324552,tt4425200,John Wick: Chapter 2,2017
458156,tt6146586,John Wick: Chapter 3 - Parabellum,2019
603692,tt10366206,John Wick: Chapter 4,2023
24272,tt0175790,Joseph and the Amazing Technicolor Dreamcoat,1999
27210,tt1236201,Josh Groban: Awake Live,2008
88751,tt0373051,Journey to the Center of the Earth,2008
8247,tt0489099,Jumper,2008
76757,tt1617661,Jupiter Ascending,2015
329,tt0107290,Jurassic Park,1993
135397,tt0369610,Jurassic World,2015
351286,tt4881806,Jurassic World: Fallen Kingdom,2018
618344,tt11079148,Justice League Dark: Apokolips War,2020
167,tt0272152,K-PAX,2001
306650,tt3622120,Kajaki,2014
10628,tt0257568,Kangaroo Jack,2003
39158,tt0491005,Kaw,2007
342521,tt4139124,Keanu,2016
49021,tt1448755,Killer Elite,2011
16296,tt0095444,Killer Klowns from Outer Space,1988
9477,tt0349683,King Arthur,2004
274857,tt1972591,King Arthur: Legend of the Sword,2017
1495,tt0320661,Kingdom of Heaven,2005
5236,tt0373469,Kiss Kiss Bang Bang,2005
74461,tt1545660,Knights of Badassdom,2013
263472,tt3605418,Knock Knock,2015
293167,tt3731562,Kong: Skull Island,2017
140300,tt2267968,Kung Fu Panda 3,2016
313369,tt3783958,La La Land,2016
13597,tt0091369,Labyrinth,1986
9825,tt0139414,Lake Placid,1999
336560,tt4497416,Lake Placid vs. Anaconda,2015
135309,tt2117905,Lake Placid: The Final Chapter,2012
13279,tt0947802,Lakeview Terrace,2008
22803,tt1197624,Law Abiding Citizen,2009
947,tt0056172,Lawrence of Arabia,1962
25195,tt1216492,Leap Year,2010
443463,tt3892172,Leave No Trace,2018
276907,tt3569230,Legend,2015
41216,tt1219342,Legend of the Guardians: The Owls of Ga'Hoole,2010
11774,tt0339291,Lemony Snicket's A Series of Unfortunate Events,2004
11811,tt0107387,Leprechaun,1993
18009,tt0110329,Leprechaun 2,1994
19286,tt0113636,Leprechaun 3,1995
19287,tt0116861,Leprechaun 4: In Space,1997
18011,tt0209095,Leprechaun in the Hood,2000
518158,tt8155182,Leprechaun Returns,2018
19288,tt0339294,Leprechaun: Back 2 tha Hood,2003
126172,tt2345613,Leprechaun: Origins,2014
48750,tt0113828,Les Miserables,1995
87827,tt0454876,Life of Pi,2012
931642,tt16368898,Lights Out,2024
51876,tt1219289,Limitless,2011
100,tt0120735,Lock, Stock and Two Smoking Barrels,1998
81796,tt1592525,Lockout,2012
263115,tt3315342,Logan,2017
59967,tt1276104,Looper,2012
8973,tt0113690,Lord of Illusions,1995
49196,tt0148422,Lord of the Dance,1997
122,tt0167260,The Lord of the Rings: The Return of the King,2003
120,tt0120737,The Lord of the Rings: The Fellowship of the Ring,2001
121,tt0167261,The Lord of the Rings: The Two Towers,2002
638,tt0116922,Lost Highway,1997
585511,tt7214954,Luck,2022
47608,tt0113729,Mad Love,1995
76341,tt1392190,Mad Max: Fury Road,2015
2293,tt0113749,Mallrats,1995
132232,tt2023587,Mama,2013
11631,tt0795421,Mamma Mia!,2008
458423,tt6911608,Mamma Mia! Here We Go Again,2018
8619,tt0311113,Master and Commander: The Far Side of the World,2003
13051,tt0467197,Max Payne,2008
118683,tt2119474,Maximum Conviction,2012
10861,tt0117011,Maximum Risk,1996
10625,tt0377092,Mean Girls,2004
7278,tt1073498,Meet the Spartans,2008
77,tt0209144,Memento,2000
34341,tt0263734,Men with Brooms,2002
9516,tt0107554,Menace II Society,1993
82,tt0430357,Miami Vice,2006
70833,tt1792584,Michael Flatley Returns as Lord of the Dance,2011
14813,tt0085936,Mickey's Christmas Carol,1983
530385,tt8772262,Midsommar,2019
16617,tt0297284,Mindhunters,2004
180,tt0181689,Minority Report,2002
13515,tt0790686,Mirrors,2008
283366,tt1935859,Miss Peregrine's Home for Peculiar Children,2016
954,tt0117060,Mission: Impossible,1996
353081,tt4912910,Mission: Impossible - Fallout,2018
56292,tt1229238,Mission: Impossible - Ghost Protocol,2011
177677,tt2381249,Mission: Impossible - Rogue Nation,2015
955,tt0120755,Mission: Impossible II,2000
956,tt0317919,Mission: Impossible III,2006
9297,tt0385880,Monster House,2006
17431,tt1182345,Moon,2009
428078,tt1571234,Mortal Engines,2018
460465,tt0293429,Mortal Kombat,2021
664767,tt9580138,Mortal Kombat Legends: Scorpion's Revenge,2020
824,tt0203009,Moulin Rouge!,2001
3432,tt0780571,Mr. Brooks,2007
1018,tt0166924,Mulholland Drive,2001
392044,tt3402236,Murder on the Orient Express,2017
1226510,tt2722106,My Greatest Teacher,2012
15198,tt0134618,Mystery, Alaska,1999
36593,tt0110622,Naked Gun 33⅓: The Final Insult,1994
8193,tt0374900,Napoleon Dynamite,2004
11022,tt0272207,Narc,2002
136797,tt2369135,Need for Speed,2014
8456,tt1023111,Never Back Down,2008
27646,tt1268809,Night of the Demons,2011
242582,tt2872718,Nightcrawler,2014
25602,tt1182921,Ninja,2010
40546,tt0401690,No Doubt | Rock Steady Live,2003
265851,tt3697566,No Tears for the Dead,2014
75612,tt1483013,Oblivion,2013
1542,tt0151804,Office Space,1999
335,tt0064116,Once Upon a Time in the West,1968
9357,tt0265459,One Hour Photo,2002
6933,tt0479968,One Missed Call,2008
508439,tt7146812,Onward,2020
7484,tt0400717,Open Season,2006
10529,tt0462465,Outlander,2008
768900,tt0010545,Over the Garden Wall,1919
68728,tt1623205,Oz the Great and Powerful,2013
68726,tt1663662,Pacific Rim,2013
268896,tt2557478,Pacific Rim: Uprising,2018
1133136,tt26736426,Package,2023
266647,tt3332064,Pan,2015
1417,tt0457430,Pan's Labyrinth,2006
19898,tt1188729,Pandorum,2009
4547,tt0258000,Panic Room,2002
2266,tt0401711,Paris Je T'aime,2006
274870,tt1355644,Passengers,2016
295011,tt3458254,Patient Zero,2018
15543,tt0454224,Penny Dreadful,2006
76285,tt1854564,Percy Jackson: Sea of Monsters,2013
51999,tt1439572,Perfect Sense,2011
41009,tt1003034,Perrier's Bounty,2009
14857,tt1138489,Personal Effects,2009
635731,tt11003218,Pig,2021
285,tt0449088,Pirates of the Caribbean: At World's End,2007
58,tt0383574,Pirates of the Caribbean: Dead Man's Chest,2006
1865,tt1298650,Pirates of the Caribbean: On Stranger Tides,2011
166426,tt1790809,Pirates of the Caribbean: Dead Men Tell No Tales,2017
22,tt0325980,Pirates of the Caribbean: The Curse of the Black Pearl,2003
792,tt0091763,Platoon,1986
257088,tt2058673,Point Break,2015
447404,tt5884052,Pokémon Detective Pikachu,2019
472269,tt6081670,Possum,2018
305470,tt3717490,Power Rangers,2017
106,tt0093773,Predator,1987
34851,tt1424381,Predators,2010
13150,tt0482572,Pride and Glory,2008
38321,tt0822847,Priest,2011
420622,tt6133130,Professor Marston and the Wonder Women,2017
70981,tt1446714,Prometheus,2012
680,tt0110912,Pulp Fiction,1994
9682,tt0454919,Pulse,2006
417859,tt0448694,Puss in Boots,2011
13937,tt0105217,Raising Cain,1992
427641,tt2231461,Rampage,2018
567609,tt7798634,Ready or Not,2019
333339,tt1677720,Ready Player One,2018
143602,tt2090594,Reboot,2012
7233,tt0376108,Rebound,2005
11460,tt0421239,Red Eye,2005
11600,tt0937237,Redacted,2007
12400,tt1012804,Redbelt,2008
6278,tt0253556,Reign of Fire,2002
23169,tt1403981,Remember Me,2010
579047,tt3272066,Reminiscence,2021
1833,tt0294870,Rent,2005
15199,tt1273675,Rent: Filmed Live on Broadway,2008
133121,tt1753496,Resident Evil: Damnation,2012
1083862,tt26674627,Resident Evil: Death Island,2023
13648,tt1174954,Resident Evil: Degeneration,2008
7737,tt0432021,Resident Evil: Extinction,2007
400136,tt5776208,Resident Evil: Vendetta,2017
460458,tt6920084,Resident Evil: Welcome to Raccoon City,2021
1892,tt0086190,Return of the Jedi,1983
24929,tt0095990,Return of the Living Dead Part II,1988
6081,tt0078163,Revenge of the Pink Panther,1978
36049,tt0023395,Rich and Strange,1931
81188,tt1446192,Rise of the Guardians,2012
7007,tt0107969,Rising Sun,1993
20662,tt0955308,Robin Hood,2010
8367,tt0102798,Robin Hood: Prince of Thieves,1991
5548,tt0093870,RoboCop,1987
13809,tt1032755,RocknRolla,2008
12508,tt0202470,Rock Star,2001
13441,tt0299117,Roger Dodger,2002
330459,tt3748528,Rogue One: A Star Wars Story,2016
6003,tt0063518,Romeo and Juliet,1968
10412,tt0105275,Romper Stomper,1992
10220,tt0128442,Rounders,1998
104,tt0130827,Run Lola Run,1998
7304,tt0404390,Running Scared,2006
9296,tt0258153,S1m0ne,2002
144336,tt1742334,Sabotage,2014
112949,tt1702439,Safe Haven,2013
84332,tt1862079,Safety Not Guaranteed,2012
48340,tt0881320,Sanctum,2011
857,tt0120815,Saving Private Ryan,1998
176,tt0387564,Saw,2004
41439,tt1477076,Saw 3D,2010
215,tt0432348,Saw II,2005
214,tt0489270,Saw III,2006
663,tt0890870,Saw IV,2007
11917,tt1132626,Saw V,2008
22804,tt1233227,Saw VI,2009
31587,tt0070643,Scarecrow,1973
4247,tt0175142,Scary Movie,2000
4248,tt0257106,Scary Movie 2,2001
4256,tt0306047,Scary Movie 3,2003
4257,tt0362120,Scary Movie 4,2006
417384,tt3387520,Scary Stories to Tell in the Dark,2019
22538,tt0446029,Scott Pilgrim vs. the World,2010
273477,tt1727776,Scouts Guide to the Zombie Apocalypse,2015
646385,tt11245972,Scream,2022
4233,tt0120082,Scream 2,1997
4234,tt0134084,Scream 3,2000
19167,tt0458471,Second in Command,2006
2761,tt0028231,Secret Agent,1936
1586,tt0363988,Secret Window,2004
9778,tt0240890,Serendipity,2001
10972,tt0261983,Session 9,2001
23710,tt1148291,Shakira: Oral Fixation Tour,2006
15361,tt0469184,Shanghai Kiss,2007
747,tt0365748,Shaun of the Dead,2004
10528,tt0988045,Sherlock Holmes,2009
58574,tt1515091,Sherlock Holmes: A Game of Shadows,2011
808,tt0126029,Shrek,2001
809,tt0298148,Shrek 2,2004
10192,tt0892791,Shrek Forever After,2010
810,tt0413267,Shrek the Third,2007
10885,tt0482599,Shutter,2008
9675,tt0375063,Sideways,2004
588,tt0384537,Silent Hill,2006
61012,tt0938330,Silent Hill: Revelation 3D,2012
187,tt0401792,Sin City,2005
189,tt0458481,Sin City: A Dame to Kill For,2014
335797,tt3470600,Sing,2016
82507,tt1922777,Sinister,2012
819,tt0117665,Sleepers,1996
2668,tt0162661,Sleepy Hollow,1999
439015,tt5690360,Slender Man,2018
1154663,null,Smallville,2002
568620,tt8404256,Snake Eyes: G.I. Joe Origins,2021
107,tt0208092,Snatch,2000
9545,tt0108171,Sniper,1993
14245,tt0338450,Sniper 2,2002
14247,tt0408196,Sniper 3,2004
702936,tt12305696,Sniper: Assassin's End,2020
407375,tt5090828,Sniper: Ghost Shooter,2016
290729,tt3776288,Sniper: Legacy,2014
58767,tt1571243,Sniper: Reloaded,2011
58595,tt1735898,Snow White and the Huntsman,2012
339527,tt1291570,Solace,2015
348350,tt3778644,Solo: A Star Wars Story,2018
4723,tt0405336,Southland Tales,2007
11169,tt0360009,Spartan,2004
10336,tt0120177,Spawn,1997
206647,tt2379713,Spectre,2015
10153,tt0120184,Sphere,1998
557,tt0145487,Spider-Man,2002
558,tt0316654,Spider-Man 2,2004
559,tt0413300,Spider-Man 3,2007
315635,tt2250912,Spider-Man: Homecoming,2017
324857,tt4633694,Spider-Man: Into the Spider-Verse,2018
614199,tt9247314,Spiral,2019
122081,tt2101441,Spring Breakers,2013
10535,tt0117723,Spy Hard,1996
54138,tt1408101,Star Trek Into Darkness,2013
282759,tt3255584,Star Trek: Evolutions,2009
199,tt0117731,Star Trek: First Contact,1996
193,tt0111280,Star Trek: Generations,1994
200,tt0120844,Star Trek: Insurrection,1998
201,tt0253754,Star Trek: Nemesis,2002
11,tt0076759,Star Wars,1977
140607,tt2488496,Star Wars: The Force Awakens,2015
181808,tt2527336,Star Wars: The Last Jedi,2017
2270,tt0486655,Stardust,2007
563,tt0120201,Starship Troopers,1997
114478,tt2085930,Starship Troopers: Invasion,2012
460790,tt6977240,Starship Troopers: Traitor of Mars,2017
43670,tt0339727,Stateside,2004
165567,tt1881060,Static,2012
8066,tt0371257,Stay,2005
10069,tt0441796,Stay Alive,2006
12133,tt0838283,Step Brothers,2008
9762,tt0462590,Step Up,2006
8328,tt1023481,Step Up 2: The Streets,2008
41233,tt1193631,Step Up 3D,2010
243683,tt2626350,Step Up All In,2014
85446,tt1800741,Step Up Revolution,2012
11601,tt0164181,Stir of Echoes,1999
8988,tt0489281,Stop-Loss,2008
1016414,tt3069212,Street Fighter: Assassin's Fist The Movie,2014
15268,tt0891592,Street Fighter: The Legend of Chun-Li,2009
1266,tt0421073,Street Kings,2008
23629,tt0978764,Sucker Punch,2011
297761,tt1386697,Suicide Squad,2016
26602,tt0234829,Summer Catch,2001
10384,tt0134983,Supernova,2000
23470,tt0108258,Surf Ninjas,1993
20616,tt0283026,Swimfan,2002
93685,tt0284534,Swingers,2002
347031,tt4034354,Swiss Army Man,2016
180863,tt2763304,T2 Trainspotting,2017
636,tt0066434,THX 1138,1971
1273,tt0453556,TMNT,2007
455980,tt2854926,Tag,2018
10429,tt0159784,Takedown,2000
8681,tt0936501,Taken,2008
22907,tt1135084,Takers,2010
11081,tt0364045,Taking Lives,2004
38939,tt0069341,Tales from the Crypt,1972
9059,tt0114608,Tales from the Crypt: Demon Knight,1995
285798,tt0086814,Tales from the Darkside,1990
3989,tt0372588,Team America: World Police,2004
98566,tt1291150,Teenage Mutant Ninja Turtles,2014
308531,tt3949660,Teenage Mutant Ninja Turtles: Out of the Shadows,2016
286548,tt3462696,Tekken 2: Kazuya's Revenge,2014
577922,tt6723592,Tenet,2020
280,tt0103064,Terminator 2: Judgment Day,1991
87101,tt1340138,Terminator Genisys,2015
534,tt0438488,Terminator Salvation,2009
76617,tt1572315,Texas Chainsaw 3D,2013
260,tt0026029,The 39 Steps,1935
293863,tt1655441,The Age of Adaline,2015
13641,tt0485851,The Air I Breathe,2007
1930,tt0948470,The Amazing Spider-Man,2012
102382,tt1872181,The Amazing Spider-Man 2,2014
94590,tt2123146,Angry Video Game Nerd: The Movie,2014
11398,tt0160009,The Art of War,2000
608654,tt9831136,The Banana Splits Movie,2019
4012,tt0247199,The Believer,2001
239571,tt1972779,The Best of Me,2014
14892,tt0321442,The Big Empty,2003
115,tt0118715,The Big Lebowski,1998
619,tt0103855,The Bodyguard,1992
20504,tt1037705,The Book of Eli,2010
8374,tt0144117,The Boondock Saints,1999
22821,tt1300851,The Boondock Saints II: All Saints Day,2009
2501,tt0258463,The Bourne Identity,2002
170687,tt0787474,The Boxtrolls,2014
4442,tt0355295,The Brothers Grimm,2005
267193,tt3381008,Grimsby,2016
1954,tt0289879,The Butterfly Effect,2004
14620,tt0457297,The Butterfly Effect 2,2006
22970,tt1259521,The Cabin in the Woods,2012
77953,tt1790886,The Campaign,2012
330483,tt3797868,The Choice,2016
2789,tt0296572,The Chronicles of Riddick,2004
14636,tt0443473,The Condemned,2007
423108,tt7069210,The Conjuring: The Devil Made Me Do It,2021
1985,tt0387131,The Constant Gardener,2005
246777,tt0040250,The Counterfeiters,1948
9100,tt0115963,The Craft,1996
590995,tt4685762,The Craft: Legacy,2020
29427,tt0455407,The Crazies,2010
957452,tt1340094,The Crow,2024
10546,tt0115986,The Crow: City of Angels,1996
762768,tt12931810,The Curve,2020
16562,tt0104040,The Cutting Edge,1992
591,tt0382625,The Da Vinci Code,2006
155,tt0468569,The Dark Knight,2008
49026,tt1345836,The Dark Knight Rises,2012
10200,tt0970416,The Day the Earth Stood Still,2008
11336,tt0085407,The Dead Zone,1983
1422,tt0407887,The Departed,2006
350,tt0458352,The Devil Wears Prada,2006
1813,tt0118971,The Devil's Advocate,1997
2319,tt0329030,The Dust Factory,2004
1891,tt0080684,The Empire Strikes Back,1980
24257,tt0109729,The Endless Summer II,1994
409,tt0116209,The English Patient,1996
345887,tt3766354,The Equalizer 2,2018
764,tt0083907,The Evil Dead,1981
8643,tt0404032,The Exorcism of Emily Rose,2005
27578,tt1320253,The Expendables,2010
76163,tt1764651,The Expendables 2,2012
9276,tt0133751,The Faculty,1998
112205,tt2404311,The Family,2013
9799,tt0232500,The Fast and the Furious,2001
9615,tt0463985,The Fast and the Furious: Tokyo Drift,2006
790,tt0080749,The Fog,1980
329440,tt3387542,The Forest,2016
1381,tt0414993,The Fountain,2006
10779,tt0116365,The Frighteners,1996
2649,tt0119174,The Game,1997
11439,tt1139328,The Ghost Writer,2010
10586,tt0116409,The Ghost and the Darkness,1996
100046,tt1769363,The Giant Mechanical Man,2012
240,tt0071562,The Godfather Part II,1974
16053,tt0478210,The Good Student,2006
13557,tt0435653,The Gravedancers,2006
311324,tt2034800,The Great Wall,2016
316029,tt1485796,The Greatest Showman,2017
40805,tt0990407,The Green Hornet,2011
1970,tt0391198,The Grudge,2004
1975,tt0433386,The Grudge 2,2006
1977,tt1053859,The Grudge 3,2009
67913,tt1540133,The Guard,2011
9924,tt0462329,The Hard Corps,2005
21935,tt0905994,The Haunting Hour: Don't Think About It,2007
9793,tt0800069,The Hills Have Eyes 2,2007
49051,tt0903624,The Hobbit: An Unexpected Journey,2012
122917,tt2310332,The Hobbit: The Battle of the Five Armies,2014
57158,tt1170358,The Hobbit: The Desolation of Smaug,2013
70160,tt1392170,The Hunger Games,2012
514847,tt8244784,The Hunt,2020
1026819,tt22493538,The Hunted,2024
12162,tt0887912,The Hurt Locker,2008
10316,tt1124035,The Ides of March,2011
1491,tt0443543,The Illusionist,2006
416166,tt5788136,The Institute,2017
9785,tt0435670,The Invisible,2007
1635,tt0399201,The Island,2005
9667,tt0366627,The Jacket,2005
38575,tt1155076,The Karate Kid,2010
8856,tt0091326,The Karate Kid Part II,1986
10495,tt0097647,The Karate Kid Part III,1989
504949,tt7984766,The King,2019
44571,tt1038685,The King of Fighters,2010
4349,tt0431197,The Kingdom,2007
324849,tt4116284,The Lego Batman Movie,2017
940,tt0030341,The Lady Vanishes,1938
206296,tt2474024,The Last Five Years,2014
9361,tt0104691,The Last of the Mohicans,1992
274854,tt1618442,The Last Witch Hunter,2015
10163,tt0104692,The Lawnmower Man,1992
13825,tt0464041,The Lazarus Project,2008
1177369,tt29873948,The Legend of Zelda,
421,tt0362270,The Life Aquatic with Steve Zissou,2004
503919,tt7984734,The Lighthouse,2019
8587,tt0110357,The Lion King,1994
474764,tt7347846,The Lodge,2020
29094,tt0037024,The Lodger,1944
57201,tt1210819,The Lone Ranger,2013
466416,tt8858088,The Long Way 'Round,1980
34813,tt0480255,The Losers,2010
7980,tt0380510,The Lovely Bones,2009
77877,tt1327194,The Lucky One,2012
574,tt0049470,The Man Who Knew Too Much,1956
10778,tt0243133,The Man Who Wasn't There,2001
14462,tt0368008,The Manchurian Candidate,2004
603,tt0133093,The Matrix,1999
604,tt0234215,The Matrix Reloaded,2003
14543,tt0295432,The Matrix Revisited,2001
605,tt0242653,The Matrix Revolutions,2003
345940,tt4779682,The Meg,2018
10047,tt0151137,The Messenger: The Story of Joan of Arc,1999
10185,tt0805570,The Midnight Meat Train,2008
425373,tt5427194,The Miracle Season,2018
5876,tt0884328,The Mist,2007
123553,tt1538403,The Mortal Instruments: City of Bones,2013
524216,tt7781432,The Mortuary Collection,2020
564,tt0120616,The Mummy,1999
1734,tt0209163,The Mummy Returns,2001
1735,tt0859163,The Mummy: Tomb of the Dragon Emperor,2008
10437,tt0104940,The Muppet Christmas Carol,1992
37718,tt0164108,The Muse,1999
37137,tt0102510,The Naked Gun 2½: The Smell of Fear,1991
37136,tt0095705,The Naked Gun: From the Files of Police Squad!,1988
27793,tt0110647,The NeverEnding Story III,1994
34584,tt0088323,The NeverEnding Story,1984
34636,tt0100240,The NeverEnding Story II: The Next Chapter,1990
340102,tt4682266,The New Mutants,2020
43539,tt1458175,The Next Three Days,2010
622,tt0142688,The Ninth Gate,1999
3594,tt0481369,The Number 23,2007
10796,tt0267804,The One,2001
242090,tt2756032,The One I Love,2014
1933,tt0230600,The Others,2001
31606,tt0098051,The Package,1989
2024,tt0187393,The Patriot,2000
227973,tt2452042,The Peanuts Movie,2015
148686,tt2076349,The Penguin King,2012
9833,tt0293508,The Phantom of the Opera,2004
12096,tt0383216,The Pink Panther,2006
72197,tt1430626,The Pirates! In an Adventure with Scientists!,2012
5255,tt0338348,The Polar Express,2004
346910,tt3829266,The Predator,2018
10198,tt0780521,The Princess and the Frog,2009
2493,tt0093779,The Princess Bride,1987
25557,tt0111003,The Puppet Masters,1994
238636,tt2975578,The Purge: Anarchy,2014
180299,tt2265171,The Raid 2,2014
94329,tt1899353,The Raid,2012
70436,tt1486192,The Raven,2012
1647,tt0292506,The Recruit,2003
11319,tt0076618,The Rescuers,1977
11135,tt0100477,The Rescuers Down Under,1990
10320,tt0377109,The Ring Two,2005
9927,tt0267891,The Ringer,2005
48171,tt1161864,The Rite,2011
9802,tt0117500,The Rock,1996
9428,tt0265666,The Royal Tenenbaums,2001
11371,tt0227445,The Score,2001
9334,tt0277296,The Scorpion King,2002
550231,tt4411584,The Secret: Dare to Dream,2020
332567,tt4052882,The Shallows,2016
745,tt0167404,The Sixth Sense,1999
9913,tt0397101,The Skeleton Key,2005
11478,tt0192614,The Skulls,2000
74849,tt0193524,The Star Wars Holiday Special,1978
1175038,tt19316408,Stranger in the Woods,2024
10665,tt0482606,The Strangers,2008
371608,tt1285009,The Strangers: Prey at Night,2018
9373,tt0324216,The Texas Chainsaw Massacre,2003
8741,tt0120863,The Thin Red Line,1998
1091,tt0084787,The Thing,1982
1090,tt0139809,The Thirteenth Floor,1999
2135,tt0268695,The Time Machine,2002
23168,tt0840361,The Town,2010
50619,tt1324999,The Twilight Saga: Breaking Dawn - Part 1,2011
50620,tt1673434,The Twilight Saga: Breaking Dawn - Part 2,2012
24021,tt1325004,The Twilight Saga: Eclipse,2010
18239,tt1259571,The Twilight Saga: New Moon,2009
117,tt0094226,The Untouchables,1987
629,tt0114814,The Usual Suspects,1995
6947,tt0368447,The Village,2004
24648,tt0435770,The Visitation,2006
72570,tt1606389,The Vow,2012
285783,tt3488710,The Walk,2015
10685,tt0204626,The Watcher,2000
619263,tt4354756,The Wave,2019
147773,tt1727388,The Way Way Back,2013
1619,tt0202677,The Way of the Gun,2000
6963,tt0384680,The Weather Man,2005
630,tt0032138,The Wizard of Oz,1939
36643,tt0143145,The World Is Not Enough,1999
107985,tt1213663,The World's End,2013
383585,tt3739110,The Yellow Birds,2018
9378,tt0245674,Thir13en Ghosts,2001
109414,tt1245492,This Is the End,2013
10195,tt0800369,Thor,2011
284053,tt3501632,Thor: Ragnarok,2017
76338,tt1981115,Thor: The Dark World,2013
6415,tt0120188,Three Kings,1999
541100,tt7671414,Thriller,2018
188984,tt1748260,Tiger Eyes,2012
1022359,null,Time Cop: Justice Has A New Name,2022
273271,tt2669336,Time Lapse,2014
9562,tt0300556,Timeline,2003
10478,tt0117918,Tin Cup,1996
943930,tt7354440,Tin & Tina,2023
342562,tt3739614,Tiny Giants 3D,2014
7450,tt0120913,Titan A.E.,2000
597,tt0120338,Titanic,1997
125407,tt2827520,Tom Green: Live,2012
714,tt0120347,Tomorrow Never Dies,1997
744,tt0092099,Top Gun,1986
64635,tt1386703,Total Recall,2012
290764,tt2401097,Tracers,2015
102938,tt0075344,Trackdown,1976
217720,tt0439856,The Trailer Park Boys Xmas Special,2004
396535,tt5700672,Train to Busan,2016
581392,tt8850222,Peninsula,2020
2034,tt0139654,Training Day,2001
91314,tt2109248,Transformers: Age of Extinction,2014
38356,tt1399103,Transformers: Dark of the Moon,2011
8373,tt1055369,Transformers: Revenge of the Fallen,2009
667538,tt5090568,Transformers: Rise of the Beasts,2023
335988,tt3371366,Transformers: The Last Knight,2017
9335,tt0388482,Transporter 2,2005
21846,tt0114728,Trinity and Beyond: The Atomic Bomb Movie,1995
20526,tt1104001,TRON: Legacy,2010
652,tt0332452,Troy,2004
63085,tt0785065,True Caribbean Pirates,2006
8966,tt1099212,Twilight,2008
664,tt0117998,Twister,1996
29764,tt0471414,Ultraman: The Next,2004
9741,tt0217869,Unbreakable,2000
28520,tt1086216,Uncertainty,2009
443791,tt5774060,Underwater,2020
52520,tt1496025,Underworld: Awakening,2012
10366,tt0176269,Universal Soldier: The Return,1999
36124,tt1014809,Until the Light Takes Us,2008
58244,tt1374992,Upside Down,2012
9877,tt0146336,Urban Legend,1998
752,tt0434409,V for Vendetta,2006
7131,tt0338526,Van Helsing,2004
43552,tt1452628,Vanishing on 7th Street,2010
335983,tt1270797,Venom,2018
177494,tt2771372,Veronica Mars,2014
25968,tt1068678,Veronika Decides to Die,2009
11678,tt0190865,Vertical Limit,2000
11773,tt0054443,Village of the Damned,1960
9271,tt0114857,Virtuosity,1995
301372,tt1544608,Voice from the Stone,2017
212258,tt1934300,Kamen Rider W Returns: Kamen Rider Accel,2011
69,tt0358273,Walk the Line,2005
533,tt0312004,Wallace & Gromit: The Curse of the Were-Rabbit,2005
57212,tt1568911,War Horse,2011
13191,tt0884224,War, Inc.,2008
68735,tt0803096,Warcraft,2016
82654,tt1588173,Warm Bodies,2013
55787,tt1067583,Water for Elephants,2011
74465,tt1389137,We Bought a Zoo,2011
2001,tt0498399,We Own the Night,2007
10590,tt0277434,We Were Soldiers,2002
7839,tt0484877,Wedding Daze,2006
11596,tt0111686,New Nightmare,1994
12159,tt0120889,What Dreams May Come,1998
16523,tt0386117,Where the Wild Things Are,2009
22798,tt1172233,Whip It,2009
11804,tt0375210,White Noise,2005
265208,tt2231253,Wild Card,2015
8487,tt0120891,Wild Wild West,1999
643586,tt8114980,Willy's Wonderland,2021
12100,tt0245562,Windtalkers,2002
137321,tt1837709,Winter's Tale,2014
290555,tt1403241,Wolves,2014
72190,tt0816711,World War Z,2013
73358,tt1797469,Page Eight,2011
260339,tt2904626,Salting the Battlefield,2014
260202,tt2904608,Turks & Caicos,2014
630586,tt9110170,Wrong Turn,2021
320288,tt6565702,Dark Phoenix,2019
2080,tt0458525,X-Men Origins: Wolverine,2009
11679,tt0329774,xXx: State of the Union,2005
17610,tt1045778,Year One,2009
38031,tt1182350,You Will Meet a Tall Dark Stranger,2010
290542,tt1198156,You're Not You,2014
38319,tt1240982,Your Highness,2011
6795,tt0406375,Zathura: A Space Adventure,2005
19908,tt1156398,Zombieland,2009
329833,tt1608290,Zoolander 2,2016
269149,tt2948356,Zootopia,2016
419460,tt5659816,A Midsummer Night's Dream,2017
10210,tt0140379,A Midsummer Night's Dream,1999
12212,tt0192731,Urban Legends: Final Cut,2000
19544,tt0416267,Deadly Visions,2004
841,tt0087182,Dune,1984
765,tt0092991,Evil Dead II,1987
10543,tt0116287,Fear,1996
315837,tt1219827,Ghost in the Shell,2017
12444,tt0926084,Harry Potter and the Deathly Hallows: Part 1,2010
12445,tt1201607,Harry Potter and the Deathly Hallows: Part 2,2011
58904,tt0278475,Haunted Castle,2001
2312,tt0460780,In the Name of the King: A Dungeon Siege Tale,2007
207932,tt3062096,Inferno,2016
30959,tt0058279,Kwaidan,1965
9312,tt0113855,Mortal Kombat,1995
18635,tt1104806,One Week,2008
1089,tt0102685,Point Break,1991
146238,tt2364841,Runner Runner,2013
346364,tt1396484,It,2017
10140,tt0980970,The Chronicles of Narnia: The Voyage of the Dawn Treader,2010
12262,tt0077681,The Hills Have Eyes,1977
463821,tt2119543,The House with a Clock in Its Walls,2018
10906,tt0105128,Pet Sematary II,1992
10523,tt1175491,W.,2008
1226502,tt1916735,Tales of Everyday Magic,2012
489799,null,The Simpsons: Christmas 2,2004
97643,tt0316706,Subway Monkey Hour,2002
